"ASUSPRO B9440UA-XS74 Ultra Thin and Light Business Laptop, 14"" Wideview Full HD Narrow Bezel Display, Intel Core i7-7500U 2.7 GHz Processor, 512 GB SSD, 16 GB RAM, Windows 10 Pro, Fingerprint, 10 hrs",Model #: B9440UA-XS74,$899.99
"ASUS Laptop B9440UA-XS51 Intel Core i5 7th Gen 7200U (2.50 GHz) 8 GB LPDDR3 Memory 512 GB SSD Intel HD Graphics 620 14.0"" Windows 10 Pro 64-Bit",Model #: B9440UA-XS51,$779.99
"ASUS Laptop P Series P2440UA-XS51 Intel Core i5 7th Gen 7200U (2.50 GHz) 8 GB DDR4 Memory 256 GB SSD Intel HD Graphics 620 14.0"" Windows 10 Pro 64-Bit",Model #: P2440UA-XS51,$733.01
"ASUS ZenBook 3 Deluxe UX490UA 14"" FHD Ultraportable Laptop, Intel Core i7-8550U, 16 GB RAM, 512 GB NVMe SSD, Windows 10 Pro, Royal Blue",Model #: UX490UA-XH74-BL,"$1,557.78"
"HP Laptop 255 G6 (1LB17UT#ABA) AMD A6-Series A6-9220 (2.5 GHz) 8 GB Memory 256 GB SSD AMD Radeon R4 Series 15.6"" Windows 10 Pro 64-Bit",Model #: 255 G6 (1LB17UT#ABA),$509.99
"HP EliteBook 840 G3 Laptop Intel Core i5 6300U (2.40 GHz) 8 GB Memory 128 GB SSD Intel HD Graphics 520 14"" FHD 1920 x 1080 Windows 7 Professional 64-Bit",Model #: 840 G3 (T6F45UT#ABA),"$1,199.99"
"HP Laptop EliteBook 820 G3 (V1G98UT#ABA) Intel Core i5 6th Gen 6200U (2.30 GHz) 4 GB Memory 500 GB HDD Intel HD Graphics 520 12.5"" Windows 7 Professional 64-Bit (Downgrade rights from Windows 10 Pro)",Model #: 820 G3 (V1G98UT#ABA),"$1,049.99"
"HP Laptop EliteBook 820 G3 (V1H02UT#ABA) Intel Core i5 6th Gen 6300U (2.40 GHz) 8 GB Memory 256 GB SSD Intel HD Graphics 520 12.5"" Windows 7 Professional 64-Bit (with Windows 10 Pro License)",Model #: 820 G3 (V1H02UT#ABA),"$1,549.00"
"HP EliteBook 820 G4 - 12.5"" - Core i7 7500U - 16 GB RAM - 256 GB SSD",Model #: 1FX41UT#ABA,"$1,799.99"
"HP EliteBook 840 G3 (T6F47UT#ABA) 14"" Laptop Intel Core i5 6300U (2.40 GHz) 8 GB Memory 500 GB HDD Intel HD Graphics 520 Windows 7 Professional 64-Bit (Windows 10 Pro downgrade)",Model #: 840 G3 (T6F47UT#ABA),"$1,240.99"
"HP ProBook 650 G3 - 15.6"" - Core i5 7200U - 4 GB RAM - 128 GB SSD",Model #: 1BR69UT#ABA,"$1,149.99"
LATITUDE 5280 12IN I5-7300U,Model #: 1K3T4,$955.56
"HP EliteBook 850 G4 - 15.6"" - Core i7 7500U - 8 GB RAM - 256 GB SSD",Model #: 1BS52UT#ABA,"$1,699.99"
"DELL 12.5"" I5 7300U 4GB 128GB",Model #: s002l728012us,$998.55
"DELL 15"" I5 7440H 8GB 500GB",Model #: s005l558015us,"$1,145.67"
"HP Laptop EliteBook 820 G3 (V1H00UT#ABA) Intel Core i5 6th Gen 6200U (2.30 GHz) 8 GB Memory 256 GB SSD Intel HD Graphics 520 12.5"" Windows 7 Professional 64-Bit (Downgrade From Windows 10 Pro)",Model #: 820 G3 (V1H00UT#ABA),"$1,347.26"
"DELL Laptop XPS 13 FJ7FF Intel Core i7 8th Gen 8550U (1.80 GHz) 8 GB Memory 256 GB PCIe SSD Intel UHD Graphics 620 13.3"" Touchscreen Windows 10 Pro 64-Bit",Model #: FJ7FF,"$2,008.99 (2 Offers)"
"HP Laptop ProBook 650 G2 (W2A17UT#ABA) Intel Core i5 6th Gen 6200U (2.30 GHz) 8 GB Memory 256 GB SSD Intel HD Graphics 520 15.6"" Windows 7 Professional 64-Bit / Windows 10 Pro Downgrade",Model #: 650 G2 (W2A17UT#ABA),"$1,042.99"
"HP Laptop ProBook 640 G3 (1BS09UT#ABA) Intel Core i5 7th Gen 7200U (2.50 GHz) 8 GB Memory 256 GB M.2 SSD Intel HD Graphics 620 14.0"" Windows 10 Pro 64-Bit",Model #: 640 G3 (1BS09UT#ABA),$987.99
"HP Laptop 250 G6 (2DW50UT#ABA) Intel Core i3 6th Gen 6006U (2.00 GHz) 4 GB Memory 500 GB HDD Intel HD Graphics 520 15.6"" Windows 10 Pro 64-Bit",Model #: 250 G6 (2DW50UT#ABA),$461.02
"HP EliteBook 850 G3 (V1H16UT#ABA) 15.6"" Laptop Intel Core i5 6200U (2.30 GHz) 4 GB Memory 500 GB HDD Intel HD Graphics 520 Windows 7 Professional 64-Bit (Windows 10 Pro downgrade)",Model #: 850 G3 (V1H16UT#ABA),"$1,011.99"
Dell - 8HRPD - Dell Latitude 12 7000 E7250 12.5 LCD Ultrabook - Intel Core i7 (7th Gen) i7-7600U Dual-core (2 Core) 2.80,Model #: 8HRPD,"$1,597.37"
"HP Laptop EliteBook 840 G4 (1GE41UT#ABA) Intel Core i5 7th Gen 7200U (2.50 GHz) 8 GB Memory 256 GB SSD Intel HD Graphics 620 14.0"" Touchscreen Windows 10 Pro 64-Bit",Model #: 840 G4 (1GE41UT#ABA),"$1,699.99"
"HP Laptop EliteBook 820 G3 (V1H03UT#ABA) Intel Core i7 6th Gen 6600U (2.60 GHz) 8 GB Memory 256 GB SSD Intel HD Graphics 520 12.5"" Windows 7 Professional 64-Bit / Windows 10 Pro Downgrade",Model #: 820 G3 (V1H03UT#ABA),"$1,812.99"
"HP Laptop EliteBook 820 G4 (1FX34UT#ABA) Intel Core i5 7th Gen 7200U (2.50 GHz) 4 GB Memory 500 GB HDD Intel HD Graphics 620 12.5"" Windows 10 Pro 64-Bit",Model #: 820 G4 (1FX34UT#ABA),$989.99
"DELL 15"" I7 72820H 8GB 256GB",Model #: s007l558015us,"$1,600.82"
"HP EliteBook 840 G3 (V1H25UT#ABA) Laptop Intel Core i7 6600U (2.60 GHz) 8 GB Memory 512 GB SSD Intel HD Graphics 520 14"" QHD UWVA 2560 x 1440 Windows 7 Professional 64-Bit (Windows 10 Pro downgrade)",Model #: 840 G3 (V1H25UT#ABA),"$1,880.99"
"Lenovo 20K6000RUS Thinkpad X270 20K6 - Core I7 6500U / 2.5 Ghz - Win 7 Pro 64-Bit (Includes Win 10 Pro 64-Bit License) - 8 Gb Ram - 512 Gb Ssd Tcg Opal Encryption 2, Nvm Express (Nvme) - 12.5 Inch Ip",Model #: 20K6000RUS,"$1,766.80"
LATITUDE 5280 12IN I5-7300U,Model #: 2P9Y8,"$1,003.48"
"Lenovo 20JY0004US Thinkpad P51S 20Jy - Core I7 6500U / 2.5 Ghz - Win 7 Pro 64-Bit (Includes Win 10 Pro 64-Bit License) - 16 Gb Ram - 512 Gb Ssd Tcg Opal Encryption 2, Nvme - 15.6 Inch Ips 1920 X 1080",Model #: ,"$1,412.31"
"HP Laptop EliteBook 1040 G3 (V1P90UT#ABA) Intel Core i5 6th Gen 6200U (2.30 GHz) 8 GB Memory 256 GB SSD Intel HD Graphics 520 14.0"" Windows 7 Professional 64-Bit (Windows 10 Pro downgrade)",Model #: 1040 G3 (V1P90UT#ABA),"$1,388.99"
"DELL Laptop Latitude 5580 (X1W6W) Intel Core i7 7th Gen 7820HQ (2.90 GHz) 16 GB Memory 256 GB SSD NVIDIA GeForce 940MX 15.6"" Windows 10 Pro 64-Bit",Model #: 5580 (X1W6W),"$1,657.79"
"HP Laptop 250 G6 (1NW56UT#ABA) Intel Core i5 7th Gen 7200U (2.50 GHz) 4 GB Memory 500 GB HDD Intel HD Graphics 620 15.6"" Windows 10 Pro 64-Bit",Model #: 250 G6 (1NW56UT#ABA),$530.74
"HP Laptop ProBook 650 G3 (1BS00UT#ABA) Intel Core i5 7th Gen 7200U (2.50 GHz) 8 GB Memory 256 GB SSD Intel HD Graphics 620 15.6"" Windows 10 Pro 64-Bit",Model #: 650 G3 (1BS00UT#ABA),$869.99
"DELL 14"" I5 7300U 4GB 128GB",Model #: CT1FM,"$1,114.12"
"DELL 14"" I5 7200U 4GB 128GB",Model #: CDH2J,"$1,030.98"
"HP Laptop ProBook 640 G2 (V1H09UT#ABA) Intel Core i5 6th Gen 6200U (2.30 GHz) 8 GB Memory 256 GB SSD Intel HD Graphics 520 14.0"" Windows 7 Professional 64-Bit / Windows 10 Pro Downgrade",Model #: 640 G2 (V1H09UT#ABA),"$1,042.99"
HP SMART BUY ELITEBOOK 850 G4,Model #: 1BS54UT#ABA,"$1,709.99"
LATITUDE 5280 12IN I5-7300U,Model #: 2P9Y8,"$1,003.48"
"Lenovo 20JY0004US Thinkpad P51S 20Jy - Core I7 6500U / 2.5 Ghz - Win 7 Pro 64-Bit (Includes Win 10 Pro 64-Bit License) - 16 Gb Ram - 512 Gb Ssd Tcg Opal Encryption 2, Nvme - 15.6 Inch Ips 1920 X 1080",Model #: ,"$1,412.31"
"HP Laptop EliteBook 1040 G3 (V2W23UT#ABA) Intel Core i7 6th Gen 6600U (2.60 GHz) 16 GB Memory 256 GB SSD Intel HD Graphics 520 14.0"" Windows 10 Pro 64-Bit",Model #: 1040 G3 (V2W23UT#ABA),"$1,969.00"
"HP Laptop ProBook 650 G3 (1BS16UT#ABA) Intel Core i5 7th Gen 7200U (2.50 GHz) 4 GB Memory 500 GB HDD Intel HD Graphics 620 15.6"" Windows 10 Pro 64-Bit",Model #: 650 G3 (1BS16UT#ABA),$808.99
"DELL Laptop Latitude 5480 (4C99R) Intel Core i5 7th Gen 7300U (2.60 GHz) 8 GB Memory 256 GB HDD 256 GB SSD Intel HD Graphics 620 14.0"" Windows 10 Pro 64-Bit",Model #: 5480 (4C99R),"$1,124.83"
"HP Laptop EliteBook 840 G4 (1GE43UT#ABA) Intel Core i5 7th Gen 7300U (2.60 GHz) 16 GB Memory 512 GB SSD Intel HD Graphics 620 14.0"" Windows 10 Pro 64-Bit",Model #: 840 G4 (1GE43UT#ABA),"$1,664.00"
"HP EliteBook 850 G3 (V1H16UT#ABA) 15.6"" Laptop Intel Core i5 6200U (2.30 GHz) 4 GB Memory 500 GB HDD Intel HD Graphics 520 Windows 7 Professional 64-Bit (Windows 10 Pro downgrade)",Model #: 850 G3 (V1H16UT#ABA),"$1,011.99"
HP Laptop EliteBook 1040 G3 (V2W21UT#ABA) Intel Core i7 6th Gen 6600U (2.60 GHz) 8 GB Memory 256 GB SSD Intel HD Graphics 520 14.0” Windows 7 Professional 64-Bit (downgrade from Windows 10 Pro),Model #: 1040 G3 (V2W21UT#ABA),"$1,617.99"
"Dell Latitude 5000 5480 14"" LCD Notebook - Intel Core i5 (6th Gen) i5-6300U Dual-core (2 Core) 2.40 GHz - 8 GB DDR4 SDRAM - 256 GB SSD - Windows 7 Professional 64-bit (English/French/Spanish) upg",Model #: MJ0VH,"$1,104.59"
"HP Laptop EliteBook 820 G4 (1FX34UT#ABA) Intel Core i5 7th Gen 7200U (2.50 GHz) 4 GB Memory 500 GB HDD Intel HD Graphics 620 12.5"" Windows 10 Pro 64-Bit",Model #: 820 G4 (1FX34UT#ABA),$989.99
"HP Laptop EliteBook 840 G4 (1GE41UT#ABA) Intel Core i5 7th Gen 7200U (2.50 GHz) 8 GB Memory 256 GB SSD Intel HD Graphics 620 14.0"" Touchscreen Windows 10 Pro 64-Bit",Model #: 840 G4 (1GE41UT#ABA),"$1,699.99"
Dell - 8HRPD - Dell Latitude 12 7000 E7250 12.5 LCD Ultrabook - Intel Core i7 (7th Gen) i7-7600U Dual-core (2 Core) 2.80,Model #: 8HRPD,"$1,597.37"
"HP Laptop EliteBook 820 G3 (V1H03UT#ABA) Intel Core i7 6th Gen 6600U (2.60 GHz) 8 GB Memory 256 GB SSD Intel HD Graphics 520 12.5"" Windows 7 Professional 64-Bit / Windows 10 Pro Downgrade",Model #: 820 G3 (V1H03UT#ABA),"$1,812.99"
"HP Laptop EliteBook 820 G3 (V1H00UT#ABA) Intel Core i5 6th Gen 6200U (2.30 GHz) 8 GB Memory 256 GB SSD Intel HD Graphics 520 12.5"" Windows 7 Professional 64-Bit (Downgrade From Windows 10 Pro)",Model #: 820 G3 (V1H00UT#ABA),"$1,347.26"
"DELL Laptop XPS 13 FJ7FF Intel Core i7 8th Gen 8550U (1.80 GHz) 8 GB Memory 256 GB PCIe SSD Intel UHD Graphics 620 13.3"" Touchscreen Windows 10 Pro 64-Bit",Model #: FJ7FF,"$2,008.99 (2 Offers)"
"HP Laptop ProBook 650 G2 (W2A17UT#ABA) Intel Core i5 6th Gen 6200U (2.30 GHz) 8 GB Memory 256 GB SSD Intel HD Graphics 520 15.6"" Windows 7 Professional 64-Bit / Windows 10 Pro Downgrade",Model #: 650 G2 (W2A17UT#ABA),"$1,042.99"
"DELL 14"" I5 7200U 8GB 500GB",Model #: s043l548014us,$827.81
"Dell Latitude 5000 5480 14"" LCD Notebook - Intel Core i5 (7th Gen) i5-7440HQ Quad-core (4 Core) 2.80 GHz - 8 GB DDR4 SDRAM - 500 GB HDD - Windows 10 Pro 64-bit (English/French/Spanish) - 1920 x 1",Model #: MRVX8,"$1,309.55"
"DELL Laptop Latitude 7480 (4HCNK) Intel Core i5 7th Gen 7300U (2.60 GHz) 8 GB Memory 256 GB HDD 256 GB SSD Intel HD Graphics 620 14.0"" Touchscreen Windows 10 Pro 64-Bit",Model #: 7480 (4HCNK),"$1,483.81"
"HP EliteBook 840 G3 (V1H25UT#ABA) Laptop Intel Core i7 6600U (2.60 GHz) 8 GB Memory 512 GB SSD Intel HD Graphics 520 14"" QHD UWVA 2560 x 1440 Windows 7 Professional 64-Bit (Windows 10 Pro downgrade)",Model #: 840 G3 (V1H25UT#ABA),"$1,880.99"
"Lenovo 20K6000RUS Thinkpad X270 20K6 - Core I7 6500U / 2.5 Ghz - Win 7 Pro 64-Bit (Includes Win 10 Pro 64-Bit License) - 8 Gb Ram - 512 Gb Ssd Tcg Opal Encryption 2, Nvm Express (Nvme) - 12.5 Inch Ip",Model #: 20K6000RUS,"$1,766.80"
"HP EliteBook 840 G3 Laptop Intel Core i5 6300U (2.40 GHz) 8 GB Memory 128 GB SSD Intel HD Graphics 520 14"" FHD 1920 x 1080 Windows 7 Professional 64-Bit",Model #: 840 G3 (T6F45UT#ABA),"$1,199.99"
"HP Laptop EliteBook 820 G3 (V1G98UT#ABA) Intel Core i5 6th Gen 6200U (2.30 GHz) 4 GB Memory 500 GB HDD Intel HD Graphics 520 12.5"" Windows 7 Professional 64-Bit (Downgrade rights from Windows 10 Pro)",Model #: 820 G3 (V1G98UT#ABA),"$1,049.99"
"HP Laptop EliteBook 820 G3 (V1H02UT#ABA) Intel Core i5 6th Gen 6300U (2.40 GHz) 8 GB Memory 256 GB SSD Intel HD Graphics 520 12.5"" Windows 7 Professional 64-Bit (with Windows 10 Pro License)",Model #: 820 G3 (V1H02UT#ABA),"$1,549.00"
"HP EliteBook 820 G4 - 12.5"" - Core i7 7500U - 16 GB RAM - 256 GB SSD",Model #: 1FX41UT#ABA,"$1,799.99"
"HP EliteBook 850 G4 - 15.6"" - Core i7 7500U - 8 GB RAM - 256 GB SSD",Model #: 1BS52UT#ABA,"$1,699.99"
"DELL 12.5"" I5 7300U 4GB 128GB",Model #: s002l728012us,$998.55
"DELL 15"" I5 7440H 8GB 500GB",Model #: s005l558015us,"$1,145.67"
"HP Laptop EliteBook 840 G4 (1GE39UT#ABA) Intel Core i5 7th Gen 7200U (2.50 GHz) 4 GB Memory 500 GB HDD Intel HD Graphics 620 14.0"" Windows 10 Pro 64-Bit",Model #: 840 G4 (1GE39UT#ABA),$929.00
"Lenovo Laptop ThinkPad E570 (20H50045US) Intel Core i5 7th Gen 7200U (2.50 GHz) 8 GB Memory 256 GB SSD Intel HD Graphics 620 15.6"" Windows 10 Pro 64-Bit",Model #: E570 (20H50045US),$629.99
"HP Laptop ProBook 430 G5 (3BB80UP#ABA) Intel Core i5 8th Gen 8250U (1.60 GHz) 8 GB Memory 128 GB SSD Intel UHD Graphics 620 13.3"" Windows 10 Pro 64-Bit",Model #: 430 G5 (3BB80UP#ABA),$549.99 (2 Offers)
"Lenovo Laptop V330 (81AX00BWUS) Intel Core i5 7th Gen 7200U (2.50 GHz) 8 GB Memory 500 GB HDD Intel HD Graphics 620 15.6"" Windows 10 Pro 64-Bit",Model #: V330 (81AX00BWUS),$499.99
"GIGABYTE Aero 15X v8-BK4K4P Thin Bezel 15.6"" 4K/UHD  i7-8750H GTX 1070 16 GB Memory 512 GB PCIe SSD Windows 10 Pro 64-Bit Gaming Laptop",Model #: Aero 15X v8-BK4K4P,"$2,499.00 (2 Offers)"
"Lenovo Laptop V330 (81AX00H6US) Intel Core i5 7th Gen 7200U (2.50 GHz) 8 GB Memory 1 TB HDD Intel HD Graphics 620 15.6"" Touchscreen Windows 10 Pro 64-Bit",Model #: V330 (81AX00H6US),$499.99
"Lenovo Laptop ThinkPad E580 (20KS003WUS) Intel Core i5 7th Gen 7200U (2.50 GHz) 4 GB Memory 500 GB HDD Intel HD Graphics 620 15.6"" Windows 10 Pro 64-Bit",Model #: E580 (20KS003WUS),$578.36
"Lenovo ThinkPad P52 20M9000KUS 15.6"" LCD Mobile Workstation - Intel Core i7 (8th Gen) i7-8750H Hexa-core (6 Core) 2.20 GHz - 8 GB - 1 TB HDD - Windows 10 Pro 64-bit (English) - 1920 x 1080 - NVID",Model #: 20M9000KUS,"$1,621.99"
"HP Laptop ProBook 470 G5 (2UA28UT#ABA) Intel Core i7 8th Gen 8550U (1.80 GHz) 16 GB Memory 256 GB SSD NVIDIA GeForce 930MX 17.3"" Windows 10 Pro 64-Bit",Model #: 470 G5 (2UA28UT#ABA),$999.99
"Lenovo Laptop ThinkPad E480 (20KN003XUS) Intel Core i5 8th Gen 8250U (1.60 GHz) 8 GB Memory 256 GB SSD Intel UHD Graphics 620 14.0"" Windows 10 Pro 64-Bit",Model #: E480 (20KN003XUS),$789.99
"ASUS ZenBook S UX391UA-XB74T Ultra-thin and light 13.3-inch UHD 4K Touch Laptop, Intel Core i7-8550U, 16 GB 2133 MHz RAM ,512 GB PCIE G3X4 SSD, Windows 10 Pro, FP Sensor, Thunderbolt Ultrabook",Model #: UX391UA-XB74T,"$1,495.91"
"Lenovo Laptop V330 (81AX00GGUS) Intel Core i5 7th Gen 7200U (2.50 GHz) 8 GB Memory 256 GB SSD Intel HD Graphics 620 15.6"" Windows 10 Pro 64-Bit",Model #: V330 (81AX00GGUS),$529.99
"Lenovo Laptop ThinkPad T480 (20L5004HUS) Intel Core i5 8th Gen 8250U (1.60 GHz) 8 GB Memory 500 GB HDD Intel UHD Graphics 620 14.0"" Windows 10 Pro 64-Bit",Model #: T480 (20L5004HUS),$881.38
"Lenovo Laptop ThinkPad P52 Intel Xeon E-2176M (2.70 GHz) 16 GB Memory 512 GB SSD NVIDIA Quadro P2000 15.6"" Windows 10 Pro 64-bit",Model #: ThinkPad P52,"$2,356.99"
"Lenovo Laptop ThinkPad E580 (20KS003NUS) Intel Core i7 8th Gen 8550U (1.80 GHz) 8 GB Memory 256 GB PCIe SSD Intel UHD Graphics 620 15.6"" Windows 10 Pro 64-Bit",Model #: E580 (20KS003NUS),$989.00
"HP Laptop ProBook 450 G5 (2TA31UT#ABA) Intel Core i7 8th Gen 8550U (1.80 GHz) 8 GB Memory 256 GB PCIe NVMe SSD NVIDIA GeForce 930MX 15.6"" Windows 10 Pro 64-Bit",Model #: 450 G5 (2TA31UT#ABA),$929.00
"ASUSPRO P5440UF-XB74 Thin and Light Business Laptop, 14"" Wideview FHD Display, 8th Gen Intel Core i7-8550U 1.8 GHz Processor, 512 GB SSD, 16 GB RAM, NVIDIA GeForce MX130, Windows 10 Pro, Fingerprint",Model #: P5440UF-XB74,"$1,287.04"
"MSI Laptop PS42 8RB-059 Intel Core i7 8th Gen 8550U (1.80 GHz) 16 GB Memory 512 GB M.2 SATA SSD NVIDIA GeForce MX150 14.0"" Windows 10 Pro 64-Bit",Model #: PS42 8RB-059,"$1,299.00"
"HP Laptop ProBook 440 G5 (2SU16UT#ABA) Intel Core i7 8th Gen 8550U (1.80 GHz) 8 GB Memory 256 GB PCIe NVMe SSD Intel UHD Graphics 620 14.0"" Windows 10 Pro 64-Bit",Model #: 440 G5 (2SU16UT#ABA),$899.99
"Lenovo Laptop ThinkPad 11e (20LQS00000) Intel Celeron N4100 (1.10 GHz) 4 GB Memory 128 GB SSD Intel UHD Graphics 600 11.6"" Windows 10 Pro 64-Bit",Model #: 11e (20LQS00000),$395.14
"Lenovo 20KS003LUS Thinkpad E580 20Ks - Core I7 8550U / 1.8 Ghz - Win 10 Pro 64-Bit - 8 Gb Ram - 500 Gb Hdd - 15.6 Inch Ips 1920 X 1080 (Full Hd) - Uhd Graphics 620 - Wi-Fi, Bluetooth - Black",Model #: 20KS003LUS,$845.39
"HP Laptop ProBook 645 G4 (4LB42UT#ABA) AMD Ryzen 7 2700U (2.20 GHz) 8 GB Memory 256 GB PCIe NVMe SSD AMD Radeon RX Vega 10 14.0"" Windows 10 Pro 64-Bit",Model #: 645 G4 (4LB42UT#ABA),"$1,049.00"
"HP Laptop 250 G6 (1NW57UT#ABA) Intel Core i5 7th Gen 7200U (2.50 GHz) 8 GB Memory 256 GB SSD Intel HD Graphics 620 15.6"" Windows 10 Pro 64-Bit",Model #: 250 G6 (1NW57UT#ABA),$686.01
"DELL Laptop Latitude 7490 (JHDTM) Intel Core i5 8th Gen 8250U (1.60 GHz) 8 GB Memory 256 GB SSD Intel HD Graphics 620 14.1"" Windows 10 Pro 64-bit English, French, Spanish",Model #: 7490 (JHDTM),"$1,270.54"
"HP Laptop EliteBook 1040 G4 Intel Core i5 7th Gen 7300U (2.60 GHz) 8 GB Memory 256 GB SSD Intel HD Graphics 620 14.0"" Touchscreen Windows 10 Pro 64-Bit",Model #: 1040 G4,"$1,671.22"
"HP Laptop ProBook 450 G5 (2TA30UT#ABA) Intel Core i5 8th Gen 8250U (1.60 GHz) 8 GB Memory 256 GB PCIe NVMe SSD Intel UHD Graphics 620 15.6"" Touchscreen Windows 10 Pro 64-Bit",Model #: 2TA30UT#ABA,$849.01
"Acer Laptop TravelMate TMP446-M-77QP Intel Core i7 5th Gen 5500U (2.40 GHz) 8 GB Memory 500 GB HDD Intel HD Graphics 5500 14"" 1366 x 768 Windows 7 Professional 64-Bit (Downgrade From Windows 10 Pro)",Model #: TMP446-M-77QP,$524.61
"HP Laptop EliteBook 840 G5 (3WD98UT#ABA) Intel Core i5 8th Gen 8250U (1.60 GHz) 8 GB Memory 256 GB PCIe NVMe SSD Intel UHD Graphics 620 14.0"" 4K/UHD Windows 10 Pro 64-Bit",Model #: 840 G5 (3WD98UT#ABA),"$1,345.41"
"HP Laptop ProBook 430 G5 (2SF29UT#ABA) Intel Core i5 8th Gen 8250U (1.60 GHz) 4 GB Memory 500 GB HDD Intel UHD Graphics 620 13.3"" Windows 10 Pro 64-Bit",Model #: 430 G5 (2SF29UT#ABA),$739.00
"HP EliteBook 735 G5 13.3"" Touchscreen LCD Notebook - AMD Ryzen 7 2700U Quad-core (4 Core) 2.20 GHz - 8 GB DDR4 SDRAM - 256 GB SSD - Windows 10 Pro (English) - 1920 x 1080 - In-plane Switching (IP",Model #: 4HZ58UT#ABA,"$1,356.99"
"ThinkPad Laptop P Series P70 (20ER002KUS) Intel Core i7 6th Gen 6700HQ (2.60 GHz) 16 GB DDR4 Memory 500 GB HDD NVIDIA Quadro M600M 17.3"" Windows 7 Professional 64-Bit / Windows 10 Pro Downgrade",Model #: P70 (20ER002KUS),"$2,073.99"
"HP Laptop ZBook Studio X360 G5 Intel Core i5 8300H (2.30 GHz) 8 GB Memory 256 GB SSD 15.6"" Windows 10 Pro",Model #: Studio X360 G5,"$1,791.99"
"HP Laptop ZBook Studio G3 (T6E84UT#ABA) Intel Xeon E3-1505M v5 (2.80 GHz) 8 GB Memory 256 GB Z Turbo Drive PCIe SSD NVIDIA Quadro M1000M 15.6"" Windows 10 Pro 64-Bit with Downgrade Windows 7 64-Bit",Model #: Studio G3 (T6E84UT#ABA),"$2,209.99"
"HP Ultrabook EliteBook 1040 G3 (V1P93UT#ABA) Intel Core i5 6th Gen 6300U (2.40 GHz) 16 GB Memory 256 GB SSD Intel HD Graphics 520 15.6"" Touchscreen Windows 10 Pro 64-Bit",Model #: 1040 G3 (V1P93UT#ABA),"$1,791.37"
"HP ZBook 15 G3 15.6"" (In-plane Switching (IPS) Technology) Mobile Workstation - Intel Xeon E3-1505M v5 Quad-core (4 Core) 2.80 GHz",Model #: 15 G3,"$2,199.00"
"Lenovo ThinkPad P50 20EN0015US 15.6"" (In-plane Switching (IPS) Technology) Notebook - Intel Core i7 (6th Gen) i7-6700HQ",Model #: 20EN0015US,"$2,148.99"
"HP ProBook 470 G5 17.3"" LCD Notebook - Intel Core i7 (8th Gen) i7-8550U Quad-core (4 Core) 1.80 GHz - 8 GB DDR4 SDRAM - 1 TB HDD - Windows 10 Pro (English) - 1600 x 900 - In-plane Switching (IPS)",Model #: 2TT75UT#ABA,$949.00
"HP Laptop EliteBook 840 G4 Intel Core i5 7th Gen 7300U (2.60 GHz) 8 GB Memory 500 GB HDD Intel HD Graphics 620 14.0"" Windows 10 Pro 64-Bit",Model #: 840 G4,"$1,092.08"
"HP Laptop ProBook 640 G4 (3XJ66UT#ABA) Intel Core i5 8th Gen 8350U (1.70 GHz) 8 GB Memory 256 GB SSD Intel UHD Graphics 620 14.0"" Windows 10 Pro 64-Bit",Model #: 640 G4 (3XJ66UT#ABA),"$1,263.99"
"Acer TravelMate Spin B1 B118-RN TMB118-RN-C6F3 11.6"" Touchscreen LCD 2 in 1 Notebook - Intel Celeron N3450 Quad-core (4 Core) 1.10 GHz - 4 GB DDR3L SDRAM - 128 GB SSD - Windows 10 Pro 64-bit",Model #: TMB118-RN-C6F3 - STF,$399.99
"HP Laptop EliteBook x360 1030 G3 Intel Core i5 8th Gen 8250U (1.60 GHz) 8 GB Memory 256 GB SSD 13.3""",Model #: x360 1030 G3,"$1,744.99"
"HP Laptop EliteBook 850 G5 (3RS07UT#ABA) Intel Core i7 8th Gen 8550U (1.80 GHz) 8 GB Memory 256 GB PCIe NVMe SSD Intel UHD Graphics 620 15.6"" Windows 10 Pro 64-Bit",Model #: 850 G5 (3RS07UT#ABA),"$1,383.62"
Lenovo NB 20L90042US 15.6 ThinkPad T580 Ci5-8350U 4G 500G 1920x1080 W10P,Model #: 20L90042US,"$1,223.53"
"HP ProBook 450 G3 15.6"" LCD Notebook - Intel Core i5 (6th Gen) i5-6200U Dual-core (2 Core) 2.30 GHz - 4 GB DDR4 SDRAM - 500 GB HDD - Windows 7 Professional 64-bit upgradable to Windows 10 Pro - 1",Model #: 2WM45UT#ABA,$701.99
"Dell Latitude 7000 7380 13.3"" LCD Notebook - Intel Core i5 (7th Gen) i5-7300U Dual-core (2 Core) 2.60 GHz - 8 GB DDR4 SDRAM - 256 GB SSD - Windows 10 Pro 64-bit (English/French/Spanish) - 1920 x",Model #: CCG25,"$1,503.47"
"Lenovo ThinkPad P52 20M9000YUS 15.6"" LCD Mobile Workstation - Intel Core i7 (8th Gen) i7-8850H Hexa-core (6 Core) 2.60 GHz - 16 GB - 1 TB SSD - Windows 10 Pro 64-bit (English) - 1920 x 1080 - NVI",Model #: 20M9000YUS,"$2,437.99"
"HP Laptop EliteBook 850 G5 (3RS09UT#ABA) Intel Core i7 8th Gen 8650U (1.90 GHz) 8 GB Memory 256 GB M.2 SATA SSD Intel UHD Graphics 620 15.6"" Windows 10 Pro 64-Bit",Model #: 850 G5 (3RS09UT#ABA),"$1,528.68"
"HP Elite x2 1013 G3 13"" Touchscreen Laptop i5-8250U 8GB 256GB SSD Windows 10 Pro",Model #: 1013 G3(4RH02UT#ABA),"$1,507.99"
Lenovo TOPSELLER TP P52 I7-8850H 2.6G,Model #: 20M9000LUS,"$2,560.42"
"HP Laptop EliteBook 840 G5 (3RF12UT#ABA) Intel Core i7 8th Gen 8550U (1.80 GHz) 8 GB Memory 256 GB SSD Intel UHD Graphics 620 14.0"" Windows 10 Pro 64-Bit",Model #: 840 G5 (3RF12UT#ABA),"$1,398.47"
"Acer TravelMate P6 TMP658-M-59SY-US Ultrabook Intel Core i5 6200U (2.30 GHz) 8 GB Memory 256 GB SSD 15.6"" 1366 x 768 Intel HD Graphics 520 Windows 7 Professional 64-Bit (Downgrade from Windows 10 Pro)",Model #: ,$954.99
"HP Laptop Stream 11 Pro G4 EE 2UL97UT#ABA Intel Celeron N3350 (1.1 GHz) 4 GB Memory 64 GB eMMC SSD Intel HD Graphics 500 11.6"" Windows 10 Pro 64-Bit",Model #: 2UL97UT#ABA,$219.00
"HP Laptop ProBook 640 G2 (V1P74UT#ABA) Intel Core i7 6th Gen 6500U (2.50 GHz) 8 GB Memory 256 GB SSD Intel HD Graphics 520 14.0"" Windows 7 Professional 64-Bit with Windows 10 Pro 64-Bit License",Model #: 640 G2 (V1P74UT#ABA),"$1,299.00"
"Lenovo ThinkPad E575 20H8000DUS 15.6"" Notebook - AMD A-Series A10-9600P Dual-core (2 Core) 2.40 GHz - 8 GB DDR4 SDRAM - 500 GB HDD - Windows 10 Pro 64-bit (English) - 1920 x 1080 - In-plane Switchi...",Model #: 20H8000DUS,$659.99
"Panasonic Toughbook CF-54D0001VM 14"" 16:9 Notebook - 1366 x 768 - Intel Core i5 (6th Gen) i5-6300U Dual-core (2 Core) 2.40 GHz - 4 GB DDR3L SDRAM - 500 GB HDD - Windows 10 Pro",Model #: CF-54D0001VM,"$1,749.00"
"HP Laptop ZBook 15 G3 (V2W05UT#ABA) Intel Core i7 6th Gen 6700 (3.40 GHz) 8 GB Memory 500 GB HDD Intel HD Graphics 530 15.6"" Windows 10 Pro 64-Bit with Windows 7 professional 64-Bit",Model #: 15 G3 (V2W05UT#ABA),"$1,382.09"
"HP Laptop ProBook 455 G5 AMD A10-Series A10-9620P (2.50 GHz) 8 GB Memory 256 GB SSD AMD Radeon R5 Series 15.6"" Windows 10 Pro 64-Bit",Model #: 455 G5,$653.04
"DELL Laptop Latitude 7490 (XF9PJ) Intel Core i5 8th Gen 8350U (1.70 GHz) 8 GB Memory 256 GB SSD Intel HD Graphics 620 14.1"" Windows 10 Pro 64-bit English, French, Spanish",Model #: 7490 (XF9PJ),"$1,568.38"
"Lenovo TP P51 20HH003WUS 15.6"" Mobile Laptop E3-1535Mv6 16GB 512GB SSD W10P",Model #: 20HH003WUS,"$2,757.99"
"HP Laptop EliteBook 850 G5 (3RS08UT#ABA) Intel Core i7 8th Gen 8550U (1.80 GHz) 16 GB Memory 512 GB PCIe NVMe SSD Intel UHD Graphics 620 15.6"" Windows 10 Pro 64-Bit",Model #: 850 G5 (3RS08UT#ABA),"$1,713.23"
"Acer TravelMate P6 TMP658-M-70S3-US Ultrabook Intel Core i7 6500U (2.50 GHz) 8 GB Memory 256 GB SSD 15.6"" 1920 x 1080 Intel HD Graphics 520 Windows 7 Professional 64-Bit (Downgrade from Windows 10 Pro",Model #: TMP658-M-70S3-US,"$1,093.99"
HP 3YW58UT Smart Buy Zbook 15U G5 Wkstn I5-7200U 2.5G 8Gb 256Gb 15.6In W10P,Model #: 3YW58UT#ABA,"$1,025.26"
HP 3YV94UT Smart Buy Zbook 15U G5 Wkstn I5-8350U 1.7G 8Gb 256Gb 15.6In W10P,Model #: 3YV94UT#ABA,"$1,191.96"
"HP Laptop EliteBook 2XU37UT#ABA Intel Core i5 7th Gen 2.50 GHz 8 GB Memory 256 GB SSD Intel HD Graphics 620 14.0"" Touchscreen Windows 10 Pro 64-bit",Model #: 2XU37UT#ABA,"$1,499.00"
"HP Laptop ProBook 650 G4 (3YE32UT#ABA) Intel Core i5 7th Gen 7200U (2.50 GHz) 8 GB Memory 256 GB PCIe NVMe SSD Intel HD Graphics 620 15.6"" Windows 10 Pro 64-Bit",Model #: 650 G4 (3YE32UT#ABA),$980.62
"HP ZBook 14u G5 14"" Touchscreen LCD Mobile Workstation - Intel Core i5 (8th Gen) i5-8350U Quad-core (4 Core) 1.70 GHz - 8 GB DDR4 SDRAM - 256 GB SSD - Windows 10 Pro 64-bit (English) - 1920 x 1080",Model #: 3YE06UT#ABA,"$1,564.99"
"HP Laptop ZBook Studio G3 (T6E16UT#ABA) Intel Core i7 6th Gen 6700HQ (2.60 GHz) 16 GB Memory 512 GB Z Turbo Drive PCIe SSD NVIDIA Quadro M1000M 15.6"" Windows 10 Pro 64-Bit with Downgrade Windows 7 64-",Model #: Studio G3 (T6E16UT#ABA),"$1,786.99"
HP ZB14uG5 i5-8250U 14 8GB 256 PC,Model #: 3YE02UT#ABA,"$1,296.46"
"HP Laptop EliteBook 840 G5 (3RF09UT#ABA) Intel Core i5 8th Gen 8250U (1.60 GHz) 8 GB Memory 256 GB PCIe NVMe SSD Intel UHD Graphics 620 14.0"" Touchscreen Windows 10 Pro 64-Bit",Model #: 840 G5 (3RF09UT#ABA),"$1,341.59"
"HP SmartBuy ProBook 640 G4 14"" Notebook - Intel Core i5-8250U 1.60 GHz Quad-core - 4 GB DDR4 SDRAM - 500 GB HDD - Windows 10 Pro - Natural Silver",Model #: 3XJ63UT#ABA,$936.99
"HP Laptop EliteBook 820 G4 Intel Core i5 7200U (2.50 GHz) 8 GB Memory 256 GB SSD Intel HD Graphics 620 12.5"" Windows 10 Pro",Model #: EliteBook 820 G4,"$1,329.99"
"HP EliteBook 850 G5 15.6"" LCD Notebook - Intel Core i7 (8th Gen) i7-8650U Quad-core (4 Core) 1.90 GHz - 16 GB DDR4 SDRAM - 512 GB SSD - Windows 10 Pro 64-bit - 1920 x 1080 - In-plane Switching (I",Model #: 3JZ54AW#ABA,"$3,192.99"
"HP EliteBook x360 1030 G3 13.3"" Touchscreen LCD 2 in 1 Notebook - Intel Core i7 (8th Gen) i7-8650U Quad-core (4 Core) 1.90 GHz - 16 GB LPDDR3 - 512 GB SSD - Windows 10 Pro 64-bit (English) - 1920",Model #: 4SU71UT#ABA,"$2,122.99"
HP EB850G5 i7-8650U 15 16GB/512 P,Model #: 3RS12UT#ABA,"$1,768.42"
"HP Laptop EliteBook 735 G5 (4HZ57UT#ABA) AMD Ryzen 5 2500U (2.00 GHz) 8 GB Memory 256 GB PCIe NVMe SSD AMD Radeon Vega 8 13.3"" Windows 10 Pro 64-Bit",Model #: 735 G5 (4HZ57UT#ABA),"$1,299.99"
"Acer TravelMate P249-M TMP249-M-38SM 14"" LCD Notebook - Intel Core i3 i3-6100U Dual-core (2 Core) 2.30 GHz - 4 GB DDR4 SDRAM - 128 GB SSD - Windows 10 Pro 64-bit - 1366 x 768 - ComfyView",Model #: NX.VD4AA.005,$521.99
"DELL Laptop Latitude 7490 (W2W1D) Intel Core i5 8th Gen 8350U (1.70 GHz) 8 GB Memory 128 GB SSD Intel HD Graphics 620 14.1"" Windows 10 Pro 64-bit English, French, Spanish",Model #: 7490 (W2W1D),"$1,288.26"
"HP Laptop EliteBook x360 1030 G2 Intel Core i5 7th Gen 7300U (2.60 GHz) 16 GB Memory 256 GB SSD Intel HD Graphics 620 13.3"" Windows 10 Pro 64-Bit",Model #: x360 1030 G2,"$1,908.99"
"HP EliteBook 745 G5 14"" Touchscreen LCD Notebook - AMD Ryzen 7 2700U Quad-core (4 Core) 2.20 GHz - 16 GB DDR4 SDRAM - 512 GB SSD - Windows 10 Pro 64-bit (English) - 1920 x 1080 - In-plane Switchi",Model #: 4JC02UT#ABA,"$1,575.99"
"DELL Laptop Latitude E5270 (RYJV0) Intel Core i5 6th Gen 6200U (2.30 GHz) 4 GB Memory 500 GB HDD Intel HD Graphics 520 12.5"" Windows 7 Professional 64-Bit (Includes Windows 10 Pro License)",Model #: E5270 (RYJV0),$649.99
"HP ZBook 14u G5 14"" Touchscreen LCD Mobile Workstation - Intel Core i7 (8th Gen) i7-8650U Quad-core (4 Core) 1.90 GHz - 8 GB DDR4 SDRAM - 256 GB SSD - Windows 10 Pro 64-bit (English) - 1920 x 1080",Model #: 3YE09UT#ABA,"$1,678.41"
"HP Laptop EliteBook 840 G5 (3RF14UT#ABA) Intel Core i7 8th Gen 8550U (1.80 GHz) 8 GB Memory 256 GB PCIe NVMe SSD Intel UHD Graphics 620 14.0"" Touchscreen Windows 10 Pro 64-Bit",Model #: 840 G5 (3RF14UT#ABA),"$1,533.93"
"HP ProBook 450 G5 15.6"" LCD Notebook - Intel Core i3 (7th Gen) i3-7020U Dual-core (2 Core) 2.30 GHz - 4 GB DDR4 SDRAM - 500 GB HDD - Windows 10 Pro 64-bit - 1366 x 768 - Twisted nematic (TN) - Na",Model #: 3YG06UT#ABA,$604.99
"HP Laptop ZBook Studio G5 Intel Core i5 8300H (2.30 GHz) 8 GB Memory 256 GB SSD 15.6"" Windows 10 Pro",Model #: Studio G5,"$1,237.99"
"HP ProBook 470 G5 17.3"" LCD Notebook - Intel Core i5 (8th Gen) i5-8250U Quad-core (4 Core) 1.60 GHz - 8 GB DDR4 SDRAM - 500 GB HDD - Windows 10 Pro (English) - 1600 x 900 - Twisted nematic (TN) -",Model #: 470 G5,$725.21
"HP Laptop EliteBook 745 G5 (4JB83UT#ABA) AMD Ryzen 5 2500U (2.00 GHz) 8 GB Memory 256 GB PCIe NVMe SSD AMD Radeon Vega 8 14.0"" Windows 10 Pro 64-Bit",Model #: 745 G5 (4JB83UT#ABA),"$1,387.99"
"DELL Laptop Latitude 7490 (5KJRV) Intel Core i5 8th Gen 8250U (1.60 GHz) 4 GB Memory 128 GB SSD Intel HD Graphics 620 14.1"" Windows 10 Pro 64-bit English, French, Spanish",Model #: 7490 (5KJRV),"$1,134.00"
"HP Ultrabook EliteBook 1040 G3 (V1P91UT#ABA) Intel Core i5 6th Gen 6300U (2.40 GHz) 8 GB Memory 256 GB SSD Intel HD Graphics 520 15.6"" Windows 7 Professional 64-Bit (Windows 10 Pro downgrade)",Model #: 1040 G3 (V1P91UT#ABA),"$1,399.00"
"HP Laptop ProBook 450 G5 (2ST03UT#ABA) Intel Core i7 8th Gen 8550U (1.80 GHz) 8 GB Memory 500 GB HDD 15.6"" Windows 10 Pro 64-Bit",Model #: 450 G5 (2ST03UT#ABA),$905.48
Ts T570 I5 8GB 256GB Fd Only,Model #: 20JW000DUS,"$1,570.99"
"HP Laptop EliteBook 820 G4 Intel Core i5 7300U (2.60 GHz) 8 GB Memory 256 GB SSD Intel HD Graphics 620 12.5"" Windows 10 Pro",Model #: EliteBook 820 G4,"$2,201.99"
"HP Laptop EliteBook 1040 G4 (2UL94UT#ABA) Intel Core i7 7th Gen 7500U (2.70 GHz) 8 GB Memory 256 GB PCIe NVMe SSD Intel HD Graphics 620 14.0"" Windows 10 Pro 64-Bit",Model #: 1040 G4 (2UL94UT#ABA),"$1,582.22"
"HP Laptop EliteBook 840 G5 (3RF06UT#ABA) Intel Core i5 7th Gen 7200U (2.50 GHz) 8 GB Memory 256 GB SSD Intel HD Graphics 620 14.0"" Windows 10 Pro 64-Bit",Model #: 840 G5 (3RF06UT#ABA),"$1,126.88"
"HP EliteBook 840 G5 14"" Touchscreen LCD Notebook - Intel Core i5 (8th Gen) i5-8350U Quad-core (4 Core) 1.70 GHz - 8 GB DDR4 SDRAM - 256 GB SSD - Windows 10 Pro 64-bit (English) - 1920 x 1080 - IPS",Model #: 840 G5,"$1,480.87"
"HP ProBook 450 G3 15.6"" LCD Notebook - Intel Core i7 (6th Gen) i7-6500U Dual-core (2 Core) 2.50 GHz - 8 GB DDR4 SDRAM - 256 GB SSD - Windows 7 Professional 64-bit upgradable to Windows 10 Pro - 1",Model #: 2WM46UT#ABA,$887.89
"HP Laptop ProBook 440 G5 (2SU15UT#ABA) Intel Core i5 8th Gen 8250U (1.60 GHz) 8 GB Memory 256 GB PCIe NVMe SSD Intel UHD Graphics 620 14.0"" Touchscreen Windows 10 Pro 64-Bit",Model #: 440 G5 (2SU15UT#ABA),$869.99
"HP Laptop EliteBook 1040 G3 (V2W22UT) Intel Core i7 6th Gen 6600U (2.60 GHz) 16 GB Memory 512 GB SSD Intel HD Graphics 520 14"" 1920 x 1080 Windows 7 Professional 64-Bit (Windows 10 Pro downgrade)",Model #: 1040 G3 (V2W22UT),"$1,972.99"
"DELL Laptop Latitude 7490 (R5VYY) Intel Core i7 8th Gen 8650U (1.90 GHz) 16 GB Memory 256 GB SSD Intel HD Graphics 620 14.1"" Windows 10 Pro 64-bit English, French, Spanish",Model #: 7490 (R5VYY),"$1,733.72"
"HP Laptop EliteBook 840 G3 (2VC86UT#ABA) Intel Core i5 6th Gen 6300U (2.40 GHz) 8 GB Memory 256 GB SSD Intel HD Graphics 520 14.0"" Windows 10 Pro 64-Bit",Model #: 840 G3 (2VC86UT#ABA),"$1,359.00"
"HP Laptop EliteBook 735 G5 (4HZ57UT#ABA) AMD Ryzen 5 2500U (2.00 GHz) 8 GB Memory 256 GB PCIe NVMe SSD AMD Radeon Vega 8 13.3"" Windows 10 Pro 64-Bit",Model #: 735 G5 (4HZ57UT#ABA),"$1,299.99"
"Acer TravelMate P249-M TMP249-M-38SM 14"" LCD Notebook - Intel Core i3 i3-6100U Dual-core (2 Core) 2.30 GHz - 4 GB DDR4 SDRAM - 128 GB SSD - Windows 10 Pro 64-bit - 1366 x 768 - ComfyView",Model #: NX.VD4AA.005,$521.99
"DELL Laptop Latitude 7490 (W2W1D) Intel Core i5 8th Gen 8350U (1.70 GHz) 8 GB Memory 128 GB SSD Intel HD Graphics 620 14.1"" Windows 10 Pro 64-bit English, French, Spanish",Model #: 7490 (W2W1D),"$1,288.26"
"HP Laptop EliteBook x360 1030 G2 Intel Core i5 7th Gen 7300U (2.60 GHz) 16 GB Memory 256 GB SSD Intel HD Graphics 620 13.3"" Windows 10 Pro 64-Bit",Model #: x360 1030 G2,"$1,908.99"
"HP Laptop ProBook 650 G4 (4PY82UT#ABA) Intel Core i7 8th Gen 8850H (2.60 GHz) 16 GB Memory 256 GB PCIe NVMe SSD Intel UHD Graphics 630 15.6"" Windows 10 Pro 64-Bit",Model #: 650 G4 (4PY82UT#ABA),"$1,520.99"
"HP Laptop EliteBook 850 G5 (3RS08UT#ABA) Intel Core i7 8th Gen 8550U (1.80 GHz) 16 GB Memory 512 GB PCIe NVMe SSD Intel UHD Graphics 620 15.6"" Windows 10 Pro 64-Bit",Model #: 850 G5 (3RS08UT#ABA),"$1,713.23"
"HP Laptop EliteBook 2XU37UT#ABA Intel Core i5 7th Gen 2.50 GHz 8 GB Memory 256 GB SSD Intel HD Graphics 620 14.0"" Touchscreen Windows 10 Pro 64-bit",Model #: 2XU37UT#ABA,"$1,499.00"
HP 3YV94UT Smart Buy Zbook 15U G5 Wkstn I5-8350U 1.7G 8Gb 256Gb 15.6In W10P,Model #: 3YV94UT#ABA,"$1,191.96"
"Acer TravelMate P6 TMP658-M-70S3-US Ultrabook Intel Core i7 6500U (2.50 GHz) 8 GB Memory 256 GB SSD 15.6"" 1920 x 1080 Intel HD Graphics 520 Windows 7 Professional 64-Bit (Downgrade from Windows 10 Pro",Model #: TMP658-M-70S3-US,"$1,093.99"
HP 3YW58UT Smart Buy Zbook 15U G5 Wkstn I5-7200U 2.5G 8Gb 256Gb 15.6In W10P,Model #: 3YW58UT#ABA,"$1,025.26"
"HP Laptop ProBook 640 G2 Intel Core i5 6300U (2.40 GHz) 8 GB Memory 256 GB SSD Intel HD Graphics 520 14.0"" Windows 10 Pro",Model #: ProBook 640 G2,"$1,072.99"
"HP Laptop EliteBook 1040 G4 (2UL93UT#ABA) Intel Core i5 7th Gen 7300U (2.60 GHz) 8 GB Memory 256 GB SSD Intel HD Graphics 620 14.0"" Windows 10 Pro 64-Bit",Model #: 1040 G4 (2UL93UT#ABA),"$1,463.94"
"HP EliteBook 840 G5 14"" Touchscreen LCD Notebook - Intel Core i5 (8th Gen) i5-8250U Quad-core (4 Core) 1.60 GHz - 16 GB DDR4 SDRAM - 512 GB SSD - Windows 10 Pro 64-bit (English) - 1920 x 1080 - IPS",Model #: 840 G5,"$1,546.72"
"Lenovo ThinkPad E570 20H50047US 15.6"" 16:9 Notebook - 1920 x 1080 - In-plane Switching (IPS) Technology - Intel Core i7 (7th Gen) i7-7500U Dual-core (2 Core) 2.70 GHz - 8 GB DDR4 SDRAM - 256 GB SSD -",Model #: 20H50047US,"$1,001.99"
"""HP EliteBook 830 G5 3PZ03UT-ABA EliteBook 830 G5""",Model #: 3PZ03UT#ABA,"$1,597.54"
"HP Laptop ProBook 440 G5 (2SS98UT#ABA) Intel Core i5 8th Gen 8250U (1.60 GHz) 8 GB Memory 256 GB SSD Intel UHD Graphics 620 14.0"" Windows 10 Pro 64-Bit",Model #: 440 G5 (2SS98UT#ABA),$822.99
"Lenovo 20JS001DUS Thinkpad T470S 20Js - Core I7 6600U / 2.6 Ghz - Win 7 Pro 64-Bit (Includes Win 10 Pro 64-Bit License) - 20 Gb Ram - 1.024 Tb Ssd Tcg Opal Encryption 2, Nvm Express (Nvme) - 14 Inch",Model #: 20JS001DUS,"$2,427.64"
"HP Laptop EliteBook 840 G3 (V1H23UT#ABA) Intel Core i5 6th Gen 6300U (2.40 GHz) 8 GB Memory 256 GB SSD Intel HD Graphics 520 14.0"" Windows 7 Professional 64-Bit (Windows 10 Pro downgrade)",Model #: 840 G3 (V1H23UT#ABA),"$1,369.99"
"HP Laptop ProBook 650 G2 (V1P80UT#ABA) Intel Core i7 6th Gen 6600U (2.60 GHz) 8 GB Memory 256 GB SSD Intel HD Graphics 520 15.6"" Windows 7 Professional 64-Bit with Windows 10 Pro 64-Bit License",Model #: 650 G2 (V1P80UT#ABA),"$1,267.99"
"HP ProBook 450 G3 15.6"" LCD Notebook - Intel Core i5 (6th Gen) i5-6200U Dual-core (2 Core) 2.30 GHz - 4 GB DDR4 SDRAM - 500 GB HDD - Windows 7 Professional 64-bit upgradable to Windows 10 Pro - 1",Model #: 2WM45UT#ABA,$701.99
"HP Laptop ProBook 640 G2 (V1P74UT#ABA) Intel Core i7 6th Gen 6500U (2.50 GHz) 8 GB Memory 256 GB SSD Intel HD Graphics 520 14.0"" Windows 7 Professional 64-Bit with Windows 10 Pro 64-Bit License",Model #: 640 G2 (V1P74UT#ABA),"$1,299.00"
"Dell Latitude 7000 7380 13.3"" LCD Notebook - Intel Core i5 (7th Gen) i5-7300U Dual-core (2 Core) 2.60 GHz - 8 GB DDR4 SDRAM - 256 GB SSD - Windows 10 Pro 64-bit (English/French/Spanish) - 1920 x",Model #: CCG25,"$1,503.47"
"Lenovo ThinkPad P52 20M9000YUS 15.6"" LCD Mobile Workstation - Intel Core i7 (8th Gen) i7-8850H Hexa-core (6 Core) 2.60 GHz - 16 GB - 1 TB SSD - Windows 10 Pro 64-bit (English) - 1920 x 1080 - NVI",Model #: 20M9000YUS,"$2,437.99"
"Lenovo ThinkPad E575 20H8000DUS 15.6"" Notebook - AMD A-Series A10-9600P Dual-core (2 Core) 2.40 GHz - 8 GB DDR4 SDRAM - 500 GB HDD - Windows 10 Pro 64-bit (English) - 1920 x 1080 - In-plane Switchi...",Model #: 20H8000DUS,$659.99
"Acer TravelMate P6 TMP658-M-59SY-US Ultrabook Intel Core i5 6200U (2.30 GHz) 8 GB Memory 256 GB SSD 15.6"" 1366 x 768 Intel HD Graphics 520 Windows 7 Professional 64-Bit (Downgrade from Windows 10 Pro)",Model #: ,$954.99
"HP Laptop Stream 11 Pro G4 EE 2UL97UT#ABA Intel Celeron N3350 (1.1 GHz) 4 GB Memory 64 GB eMMC SSD Intel HD Graphics 500 11.6"" Windows 10 Pro 64-Bit",Model #: 2UL97UT#ABA,$219.00
Lenovo TOPSELLER TP P52 I7-8850H 2.6G,Model #: 20M9000LUS,"$2,560.42"
"HP Elite x2 1013 G3 13"" Touchscreen Laptop i5-8250U 8GB 256GB SSD Windows 10 Pro",Model #: 1013 G3(4RH02UT#ABA),"$1,507.99"
"HP Laptop EliteBook 840 G5 (3RF12UT#ABA) Intel Core i7 8th Gen 8550U (1.80 GHz) 8 GB Memory 256 GB SSD Intel UHD Graphics 620 14.0"" Windows 10 Pro 64-Bit",Model #: 840 G5 (3RF12UT#ABA),"$1,398.47"
"HP Laptop EliteBook 850 G5 (3RS09UT#ABA) Intel Core i7 8th Gen 8650U (1.90 GHz) 8 GB Memory 256 GB M.2 SATA SSD Intel UHD Graphics 620 15.6"" Windows 10 Pro 64-Bit",Model #: 850 G5 (3RS09UT#ABA),"$1,528.68"
"HP Laptop EliteBook 840 G4 Intel Core i5 7th Gen 7300U (2.60 GHz) 16 GB Memory 512 GB SSD Intel HD Graphics 620 14.0"" Windows 10 Pro 64-Bit",Model #: 840 G4,"$2,763.99"
"HP ZBook 14u G5 14"" LCD Mobile Workstation - Intel Core i5 (8th Gen) i5-8250U Quad-core (4 Core) 1.60 GHz - 16 GB DDR4 SDRAM - 512 GB SSD - Windows 10 Pro 64-bit (English) - 1920 x 1080 - Turbo S",Model #: 3YE03UT#ABA,"$1,546.62"
"HP Laptop EliteBook Folio G1 (W0R84UT#ABA) Intel Core M7 6Y75 (1.20 GHz) 8 GB Memory 256 GB SSD Intel HD Graphics 515 12.5"" Touchscreen Windows 10 Pro 64-Bit",Model #: Folio G1 (W0R84UT#ABA),"$1,802.99"
"HP Laptop 3YE28UT#ABA Intel Core i7 8th Gen 8650U (1.90 GHz) 16 GB Memory 512 GB SSD 14.0"" Windows 10 Pro",Model #: 3YE28UT#ABA,"$1,761.09"
"HP Laptop ProBook 430 G5 (2SM74UT#ABA) Intel Core i3 7th Gen 7100U (2.40 GHz) 4 GB Memory 500 GB HDD Intel HD Graphics 620 13.3"" Windows 10 Pro 64-Bit",Model #: 430 G5 (2SM74UT#ABA),$606.25
"Lenovo 20KH002RUS Thinkpad X1 Carbon 20Kh - Ultrabook - Core I7 8650U / 1.9 Ghz - Win 10 Pro 64-Bit - 16 Gb Ram - 512 Gb Ssd Tcg Opal Encryption 2, Nvme - 14 Inch Ips 2560 X 1440 (Wqhd) - Uhd Graphic",Model #: 20KH002RUS,"$2,212.93"
"HP Laptop ProBook 650 G4 (3YE32UT#ABA) Intel Core i5 7th Gen 7200U (2.50 GHz) 8 GB Memory 256 GB PCIe NVMe SSD Intel HD Graphics 620 15.6"" Windows 10 Pro 64-Bit",Model #: 650 G4 (3YE32UT#ABA),$980.62
HP ZB14uG5 i5-8250U 14 8GB 256 PC,Model #: 3YE02UT#ABA,"$1,296.46"
"HP ZBook 14u G5 14"" Touchscreen LCD Mobile Workstation - Intel Core i5 (8th Gen) i5-8350U Quad-core (4 Core) 1.70 GHz - 8 GB DDR4 SDRAM - 256 GB SSD - Windows 10 Pro 64-bit (English) - 1920 x 1080",Model #: 3YE06UT#ABA,"$1,564.99"
"HP Laptop ZBook Studio G3 (T6E16UT#ABA) Intel Core i7 6th Gen 6700HQ (2.60 GHz) 16 GB Memory 512 GB Z Turbo Drive PCIe SSD NVIDIA Quadro M1000M 15.6"" Windows 10 Pro 64-Bit with Downgrade Windows 7 64-",Model #: Studio G3 (T6E16UT#ABA),"$1,786.99"
"HP Laptop EliteBook 840 G5 (3RF09UT#ABA) Intel Core i5 8th Gen 8250U (1.60 GHz) 8 GB Memory 256 GB PCIe NVMe SSD Intel UHD Graphics 620 14.0"" Touchscreen Windows 10 Pro 64-Bit",Model #: 840 G5 (3RF09UT#ABA),"$1,341.59"
"HP SmartBuy ProBook 640 G4 14"" Notebook - Intel Core i5-8250U 1.60 GHz Quad-core - 4 GB DDR4 SDRAM - 500 GB HDD - Windows 10 Pro - Natural Silver",Model #: 3XJ63UT#ABA,$936.99
"HP Laptop EliteBook 1040 G4 Intel Core i5 7th Gen 7300U (2.60 GHz) 16 GB Memory 256 GB SSD Intel HD Graphics 620 14.0"" Touchscreen Windows 10 Pro 64-Bit",Model #: 1040 G4,"$1,763.26"
"DELL Laptop Latitude 7490 (283J2) Intel Core i7 8th Gen 8650U (1.90 GHz) 8 GB Memory 256 GB SSD Intel HD Graphics 620 14.1"" Windows 10 Pro 64-bit English, French, Spanish",Model #: 7490 (283J2),"$1,756.28"
"Lenovo 20HK003FUS Thinkpad P71 20Hk - Xeon E3-1535Mv6 / 3.1 Ghz - Win 10 Pro 64-Bit - 16 Gb Ram - 512 Gb Ssd Tcg Opal Encryption 2, Nvme - 17.3 Inch Ips 3840 X 2160 (Ultra Hd 4K) - Quadro P4000 / Hd",Model #: P71,"$3,394.99"
"HP Laptop ProBook 640 G4 (3XJ75UT#ABA) Intel Core i5 7th Gen 7200U (2.50 GHz) 8 GB Memory 256 GB PCIe NVMe SSD Intel HD Graphics 620 14.0"" Windows 10 Pro 64-Bit",Model #: 640 G4 (3XJ75UT#ABA),$980.03
"HP EliteBook 755 G5 15.6"" LCD Notebook - AMD Ryzen 7 2700U Quad-core (4 Core) 2.20 GHz - 16 GB DDR4 SDRAM - 512 GB SSD - Windows 10 Pro (English) - 1920 x 1080 - In-plane Switching (IPS) Technolo",Model #: 4HZ53UT#ABA,"$1,538.99"
"Lenovo Laptop ThinkPad E480 (20KN003WUS) Intel Core i7 8th Gen 8550U (1.80 GHz) 8 GB Memory 500 GB HDD AMD Radeon RX 550 14.0"" Windows 10 Pro 64-Bit",Model #: E480 (20KN003WUS),$924.90
"HP EliteBook 830 G5 3PZ03UT-ABA EliteBook 830 G5""""",Model #: 3PZ03UT#ABA,"$1,597.54"
"HP Laptop ProBook 640 G2 Intel Core i5 6300U (2.40 GHz) 8 GB Memory 256 GB SSD Intel HD Graphics 520 14.0"" Windows 10 Pro",Model #: ProBook 640 G2,"$1,072.99"
HP PB455G5 A109620 15 8GB/500 PC,Model #: 3PP94UT#ABA,$566.44
HP PB455G5 A109620 15 8GB/500 PC,Model #: 3PP94UT#ABA,$566.44
"""HP EliteBook 830 G5 3PZ03UT-ABA EliteBook 830 G5""",Model #: 3PZ03UT#ABA,"$1,597.54"
"HP EliteBook 840 G5 14"" Touchscreen LCD Notebook - Intel Core i5 (8th Gen) i5-8250U Quad-core (4 Core) 1.60 GHz - 16 GB DDR4 SDRAM - 512 GB SSD - Windows 10 Pro 64-bit (English) - 1920 x 1080 - IPS",Model #: 840 G5,"$1,546.72"
"HP EliteBook 850 G5 15.6"" LCD Notebook - Intel Core i5 (8th Gen) i5-8350U Quad-core (4 Core) 1.70 GHz - 8 GB DDR4 SDRAM - 256 GB SSD - Windows 10 Pro 64-bit - 1920 x 1080 - In-plane Switching (IP",Model #: 3JZ52AW#ABA,"$2,324.99"
"Lenovo ThinkPad P52 20M9000GUS 15.6"" LCD Mobile Workstation",Model #: 20M9000GUS,"$2,171.99"
"HP Laptop EliteBook 850 G3 (V1H21UT#ABA) Intel Core i7 6th Gen 6600U (2.60 GHz) 8 GB Memory 256 GB SSD Intel HD Graphics 520 15.6"" Windows 7 Professional 64-Bit (Windows 10 Pro downgrade)",Model #: 850 G3 (V1H21UT#ABA),"$1,570.99"
"ASUS P-Series P2530UA-XH31 Business Standard Laptop, 6th Gen Intel Core i3, 15.6"" HD Display, 4 GB RAM, 500 GB HDD, Windows 10 Pro, Up to 6 Hour(s) Battery Life",Model #: P2530UA-XH31,$535.49
"Lenovo ThinkPad P52 20M9000FUS 15.6"" LCD Mobile Workstation - Intel Core i7 (8th Gen) i7-8750H Hexa-core (6 Core) 2.20 GHz - 16 GB - 512 GB SSD - Windows 10 Pro 64-bit (English) - 1920 x 1080 - N",Model #: 20M9000FUS,"$1,930.99"
"Lenovo Laptop ThinkPad E470 (20H10038US) Intel Core i3 7th Gen 7100U (2.40 GHz) 4 GB Memory 500 GB HDD Intel HD Graphics 620 14.0"" Windows 10 Pro 64-Bit",Model #: E470 (20H10038US),$631.99
"HP ZBook 15v G5 15.6"" LCD Mobile Workstation - Intel Core i5 (8th Gen) i5-8300H Quad-core (4 Core) 2.30 GHz - 8 GB DDR4 SDRAM - 1 TB HDD - Windows 10 Pro - In-plane Switching (IPS) Technology - T",Model #: 4TB35UT#ABA,$872.99
"HP Laptop EliteBook 840 G3 (1AE04US#ABA) Intel Core i5 6th Gen 6200U (2.30 GHz) 16 GB Memory 256 GB SSD Intel HD Graphics 520 14.0"" Windows 10 Pro 64-Bit",Model #: 840 G3 (1AE04US#ABA),"$2,469.00"
"HP Laptop ProBook 430 G5 (2SP60UT#ABA) Intel Core i7 8th Gen 8550U (1.80 GHz) 16 GB Memory 256 GB SSD Intel UHD Graphics 620 13.3"" Windows 10 Pro 64-Bit",Model #: 430 G5 (2SP60UT#ABA),"$1,012.99"
"HP Laptop EliteBook 1040 G3 (V1P89UT#ABA) Intel Core i5 6th Gen 6200U (2.30 GHz) 8 GB Memory 128 GB SSD Intel HD Graphics 520 14.0"" Windows 7 Professional 64-Bit (Windows 10 Pro downgrade)",Model #: 1040 G3 (V1P89UT#ABA),"$1,270.99"
"Lenovo Laptop IdeaPad 720s 81BV008KUS Intel Core i7 8th Gen 8550U (1.80 GHz) 8 GB Memory 1 TB SSD Intel UHD Graphics 620 13.3"" Windows 10 Pro 64-Bit",Model #: 81BV008KUS,"$1,632.99"
"TOSHIBA Laptop Tecra A50-C1543 Intel Core i5 6th Gen 6200U (2.30 GHz) 8 GB Memory 256 GB SSD Intel HD Graphics 520 15.6"" Windows 7 Professional 64-Bit (downgrade from Windows 10 Pro)",Model #: A50-C1543,$919.63
"DELL Laptop Latitude 7290 (VG5J0) Intel Core i5 8th Gen 8350U (1.70 GHz) 8 GB Memory 256 GB SSD Intel UHD Graphics 620 12.5"" Windows 10 Pro 64-Bit",Model #: 7290 (VG5J0),"$1,500.46"
"Dell Precision 15 5000 M5510 15.6"" (In-plane Switching (IPS) Technology) Mobile Workstation - Intel Core i7 (6th Gen) i7-6820HQ Quad-core (4 Core) 2.70 GHz",Model #: M5510,"$1,978.99"
"Lenovo ThinkPad P50 20EN0013US 15.6"" (In-plane Switching (IPS) Technology) Notebook - Intel Core i7 i7-6700HQ Quad-core (4 Core) 2.60 GHz",Model #: 20EN0013US,"$1,514.99"
"HP Laptop EliteBook 850 G3 (V1H19UT#ABA) Intel Core i5 6th Gen 6300U (2.40 GHz) 8 GB Memory 256 GB SSD Intel HD Graphics 520 15.6"" Windows 7 Professional 64-Bit (Windows 10 Pro downgrade)",Model #: 850 G3 (V1H19UT#ABA),"$1,467.99"
"HP Laptop EliteBook 735 G5 (4HZ57UT#ABA) AMD Ryzen 5 2500U (2.00 GHz) 8 GB Memory 256 GB PCIe NVMe SSD AMD Radeon Vega 8 13.3"" Windows 10 Pro 64-Bit",Model #: 735 G5 (4HZ57UT#ABA),"$1,299.99"
"Acer TravelMate P249-M TMP249-M-38SM 14"" LCD Notebook - Intel Core i3 i3-6100U Dual-core (2 Core) 2.30 GHz - 4 GB DDR4 SDRAM - 128 GB SSD - Windows 10 Pro 64-bit - 1366 x 768 - ComfyView",Model #: NX.VD4AA.005,$521.99
"DELL Laptop Latitude 7490 (W2W1D) Intel Core i5 8th Gen 8350U (1.70 GHz) 8 GB Memory 128 GB SSD Intel HD Graphics 620 14.1"" Windows 10 Pro 64-bit English, French, Spanish",Model #: 7490 (W2W1D),"$1,288.26"
"HP Laptop ProBook 650 G4 (4PY82UT#ABA) Intel Core i7 8th Gen 8850H (2.60 GHz) 16 GB Memory 256 GB PCIe NVMe SSD Intel UHD Graphics 630 15.6"" Windows 10 Pro 64-Bit",Model #: 650 G4 (4PY82UT#ABA),"$1,520.99"
"HP Laptop EliteBook x360 1030 G2 Intel Core i5 7th Gen 7300U (2.60 GHz) 16 GB Memory 256 GB SSD Intel HD Graphics 620 13.3"" Windows 10 Pro 64-Bit",Model #: x360 1030 G2,"$1,908.99"
"DELL Laptop Latitude 7490 (THKW1) Intel Core i7 8th Gen 8650U (1.90 GHz) 16 GB Memory 512 GB SSD Intel HD Graphics 620 14.1"" Windows 10 Pro 64-bit English, French, Spanish",Model #: 7490 (THKW1),"$1,935.63"
"HP Laptop EliteBook 725 G4 AMD A12-Series A12 PRO-9800B (2.70 GHz) 8 GB Memory 256 GB SSD AMD Radeon R7 12.5"" Windows 10 Pro",Model #: EliteBook 725 G4,"$1,298.99"
"HP Laptop ProBook 640 G2 Intel Core i5 6200U (2.30 GHz) 8 GB Memory 256 GB SSD Intel HD Graphics 520 14.0"" Windows 10 Pro",Model #: ProBook 640 G2,$975.99
"Lenovo 20HH0048US Thinkpad P51 20Hh - Xeon E3-1505Mv6 / 3 Ghz - Win 10 Pro 64-Bit - 16 Gb Ram - 512 Gb Ssd Tcg Opal Encryption 2, Nvme - 15.6 Inch Ips 1920 X 1080 (Full Hd) - Quadro M2200 / Hd Graphi",Model #: 20HH0048US,"$2,281.81"
"HP Laptop ProBook 640 G4 (3ZC34UT#ABA) Intel Core i7 8th Gen 8650U (1.90 GHz) 8 GB Memory 256 GB SSD Intel UHD Graphics 620 14.0"" Windows 10 Pro 64-Bit",Model #: 640 G4 (3ZC34UT#ABA),"$1,264.26"
"HP ZBook 14u G4 14"" Touchscreen LCD Intel Core  i7 7th Gen i7-7500U Dual-core 2 Core 2.70GHz 256GB SSD 8GB DDR4 AMD FirePro W4190M with 2GB GDDR5 Windows 10 Pro Color Space Silver Mobile Workstation",Model #: ZBook 14u G4 Mobile Workstation,"$1,269.99"
"SBUY PB650G4 i7-8650U 15 8GB/256 PC Intel i7-8650U, 15.6 FHD AG LED UWVA, UMA, Webcam, 8GB DDR4, 256GB SSD, DVD+/-RW, AC+BT, 3C Batt, FPR, W10 Pro64, 3yr Wrty+ U.S. - English localization",Model #: 3YX97UT#ABA,"$1,315.77"
"Lenovo Laptop ThinkPad X270 20K6000PUS Intel Core i5 6th Gen 6300U (2.40 GHz) 8 GB Memory 256 GB SSD Intel HD Graphics 520 12.5"" Windows 7 Professional 64-Bit (Downgrade From Windows 10 Pro)",Model #: 20K6000PUS,"$1,722.01"
"HP Laptop EliteBook 840 G3 (T6F46UT#ABA) Intel Core i5 6th Gen 6200U (2.30 GHz) 8 GB Memory 256 GB SSD Intel HD Graphics 520 14.0"" Windows 7 Professional 64-Bit (Windows 10 Pro downgrade)",Model #: 840 G3 (T6F46UT#ABA),"$1,322.99"
"Lenovo ThinkPad T580 20L9001VUS 15.6"" LCD Notebook - Intel Core i5 (8th Gen) i5-8250U Quad-core (4 Core) 1.60 GHz - 8 GB",Model #: 20L9001VUS,"$1,151.34"
LATITUDE 5280 12IN I5-7200U,Model #: YCMK5,"$1,045.47"
"HP Laptop ProBook 430 G5 (2SM72UT#ABA) Intel Core i7 8th Gen 8550U (1.80 GHz) 8 GB Memory 256 GB SSD Intel UHD Graphics 620 13.3"" Windows 10 Pro 64-Bit",Model #: 430 G5 (2SM72UT#ABA),$919.00
HP 3YV94UT Smart Buy Zbook 15U G5 Wkstn I5-8350U 1.7G 8Gb 256Gb 15.6In W10P,Model #: 3YV94UT#ABA,"$1,191.96"
"HP ProBook 450 G3 15.6"" LCD Notebook - Intel Core i5 (6th Gen) i5-6200U Dual-core (2 Core) 2.30 GHz - 4 GB DDR4 SDRAM - 500 GB HDD - Windows 7 Professional 64-bit upgradable to Windows 10 Pro - 1",Model #: 2WM45UT#ABA,$701.99
"Dell Latitude 7000 7380 13.3"" LCD Notebook - Intel Core i5 (7th Gen) i5-7300U Dual-core (2 Core) 2.60 GHz - 8 GB DDR4 SDRAM - 256 GB SSD - Windows 10 Pro 64-bit (English/French/Spanish) - 1920 x",Model #: CCG25,"$1,503.47"
"Lenovo ThinkPad P52 20M9000YUS 15.6"" LCD Mobile Workstation - Intel Core i7 (8th Gen) i7-8850H Hexa-core (6 Core) 2.60 GHz - 16 GB - 1 TB SSD - Windows 10 Pro 64-bit (English) - 1920 x 1080 - NVI",Model #: 20M9000YUS,"$2,437.99"
"HP Laptop EliteBook 850 G5 (3RS09UT#ABA) Intel Core i7 8th Gen 8650U (1.90 GHz) 8 GB Memory 256 GB M.2 SATA SSD Intel UHD Graphics 620 15.6"" Windows 10 Pro 64-Bit",Model #: 850 G5 (3RS09UT#ABA),"$1,528.68"
"HP Elite x2 1013 G3 13"" Touchscreen Laptop i5-8250U 8GB 256GB SSD Windows 10 Pro",Model #: 1013 G3(4RH02UT#ABA),"$1,507.99"
Lenovo TOPSELLER TP P52 I7-8850H 2.6G,Model #: 20M9000LUS,"$2,560.42"
"HP Laptop EliteBook 840 G5 (3RF12UT#ABA) Intel Core i7 8th Gen 8550U (1.80 GHz) 8 GB Memory 256 GB SSD Intel UHD Graphics 620 14.0"" Windows 10 Pro 64-Bit",Model #: 840 G5 (3RF12UT#ABA),"$1,398.47"
"Acer TravelMate P6 TMP658-M-59SY-US Ultrabook Intel Core i5 6200U (2.30 GHz) 8 GB Memory 256 GB SSD 15.6"" 1366 x 768 Intel HD Graphics 520 Windows 7 Professional 64-Bit (Downgrade from Windows 10 Pro)",Model #: ,$954.99
"HP Laptop Stream 11 Pro G4 EE 2UL97UT#ABA Intel Celeron N3350 (1.1 GHz) 4 GB Memory 64 GB eMMC SSD Intel HD Graphics 500 11.6"" Windows 10 Pro 64-Bit",Model #: 2UL97UT#ABA,$219.00
"HP Laptop ProBook 640 G2 (V1P74UT#ABA) Intel Core i7 6th Gen 6500U (2.50 GHz) 8 GB Memory 256 GB SSD Intel HD Graphics 520 14.0"" Windows 7 Professional 64-Bit with Windows 10 Pro 64-Bit License",Model #: 640 G2 (V1P74UT#ABA),"$1,299.00"
"Lenovo ThinkPad E575 20H8000DUS 15.6"" Notebook - AMD A-Series A10-9600P Dual-core (2 Core) 2.40 GHz - 8 GB DDR4 SDRAM - 500 GB HDD - Windows 10 Pro 64-bit (English) - 1920 x 1080 - In-plane Switchi...",Model #: 20H8000DUS,$659.99
"HP EliteBook 850 G5 15.6"" LCD Notebook - Intel Core i5 (8th Gen) i5-8350U Quad-core (4 Core) 1.70 GHz - 8 GB DDR4 SDRAM - 256 GB SSD - Windows 10 Pro 64-bit - 1920 x 1080 - In-plane Switching (IP",Model #: 3JZ52AW#ABA,"$2,324.99"
"HP Laptop EliteBook 850 G3 (V1H21UT#ABA) Intel Core i7 6th Gen 6600U (2.60 GHz) 8 GB Memory 256 GB SSD Intel HD Graphics 520 15.6"" Windows 7 Professional 64-Bit (Windows 10 Pro downgrade)",Model #: 850 G3 (V1H21UT#ABA),"$1,570.99"
"Lenovo ThinkPad P52 20M9000GUS 15.6"" LCD Mobile Workstation",Model #: 20M9000GUS,"$2,171.99"
"Lenovo Laptop ThinkPad E470 (20H10038US) Intel Core i3 7th Gen 7100U (2.40 GHz) 4 GB Memory 500 GB HDD Intel HD Graphics 620 14.0"" Windows 10 Pro 64-Bit",Model #: E470 (20H10038US),$631.99
"Lenovo ThinkPad P52 20M9000FUS 15.6"" LCD Mobile Workstation - Intel Core i7 (8th Gen) i7-8750H Hexa-core (6 Core) 2.20 GHz - 16 GB - 512 GB SSD - Windows 10 Pro 64-bit (English) - 1920 x 1080 - N",Model #: 20M9000FUS,"$1,930.99"
"HP ZBook 15v G5 15.6"" LCD Mobile Workstation - Intel Core i5 (8th Gen) i5-8300H Quad-core (4 Core) 2.30 GHz - 8 GB DDR4 SDRAM - 1 TB HDD - Windows 10 Pro - In-plane Switching (IPS) Technology - T",Model #: 4TB35UT#ABA,$872.99
"ASUS P-Series P2530UA-XH31 Business Standard Laptop, 6th Gen Intel Core i3, 15.6"" HD Display, 4 GB RAM, 500 GB HDD, Windows 10 Pro, Up to 6 Hour(s) Battery Life",Model #: P2530UA-XH31,$535.49
"Dell Latitude 7000 7480 14"" LCD Ultrabook - Intel Core i5 (6th Gen) i5-6300U Dual-core (2 Core) 2.40 GHz - 8 GB DDR4 SDRAM - 256 GB SSD - Windows 7 Professional 64-bit (English/French/Spanish) up",Model #: XC3J8,"$1,461.50"
"HP Laptop ProBook 650 G3 (1BS01UT#ABA) Intel Core i5 7th Gen 7300U (2.60 GHz) 8 GB Memory 500 GB HDD Intel HD Graphics 620 15.6"" Windows 10 Pro 64-Bit",Model #: 650 G3 (1BS01UT#ABA),"$1,120.99"
"HP EliteBook 850 G4 15.6"" Laptop Intel Core i5-7200U 8 GB DDR4 RAM 256 GB M.2 PCIe SSD Windows 10 Pro",Model #: 1BS46UT#ABA,"$1,075.99"
"ASUS Laptop P2440UQ-XS71 Intel Core i7 7th Gen 7500U (2.70 GHz) 12 GB DDR4 Memory 512 GB SSD NVIDIA GeForce 940MX 14.0"" Windows 10 Pro 64-Bit",Model #: P2440UQ-XS71,$999.00
"HP EliteBook 850 G4 - 15.6"" - Core i7 7600U - 8 GB RAM - 256 GB SSD",Model #: 1BS55UT#ABA,"$1,760.99"
"HP Laptop ProBook 440 G5 (2TA29UT#ABA) Intel Core i5 8th Gen 8250U (1.60 GHz) 4 GB Memory 500 GB HDD Intel UHD Graphics 620 14.0"" Windows 10 Pro 64-Bit",Model #: 440 G5 (2TA29UT#ABA),$569.00
"Lenovo Laptop ThinkPad T480 (20L5000WUS) Intel Core i5 8th Gen 8250U (1.60 GHz) 4 GB Memory 500 GB HDD Intel UHD Graphics 620 14.0"" Windows 10 Pro 64-Bit",Model #: T480 (20L5000WUS),$970.99
"Lenovo Laptop ThinkPad E480 (20KN003SUS) Intel Core i5 7th Gen 7200U (2.50 GHz) 8 GB Memory 500 GB HDD Intel HD Graphics 620 14.0"" Windows 10 Pro 64-Bit",Model #: E480 (20KN003SUS),$740.73
"Lenovo Laptop ThinkPad T580 (20L9001KUS) Intel Core i5 8th Gen 8350U (1.70 GHz) 8 GB Memory 256 GB SSD Intel UHD Graphics 620 15.6"" Windows 10 Pro 64-Bit",Model #: T580 (20L9001KUS),"$1,404.76"
"Lenovo Laptop ThinkPad L480 (20LS0002US) Intel Core i5 8th Gen 8250U (1.60 GHz) 8 GB Memory 256 GB SSD Intel UHD Graphics 620 14.0"" Windows 10 Pro 64-Bit",Model #: L480 (20LS0002US),"$1,092.99"
"HP EliteBook 840 G5 14"" LCD Notebook - Intel Core i5 (7th Gen) i5-7300U Dual-core (2 Core) 2.60 GHz - 8 GB DDR4 SDRAM - 256 GB SSD - Windows 10 Pro 64-bit (English) - 1920 x 1080 - IPS Technology",Model #: 840 G5,"$1,277.55"
"HP ZBook 14u G5 14"" LCD Mobile Workstation - Intel Core i7 (8th Gen) i7-8550U Quad-core (4 Core) 1.80 GHz - 16 GB DDR4 SDRAM - 512 GB SSD - Windows 10 Pro 64-bit (English) - 1920 x 1080 - Turbo Silver",Model #: 3YE08UT#ABA,"$1,653.99"
"HP Laptop EliteBook 1040 G4 3NU56UT#ABA Intel Core i7 7th Gen 2.9 GHz 16 GB Memory 256 GB SSD Intel HD Graphics 630 14.0"" Touchscreen Windows 10 Pro 64-bit",Model #: 3NU56UT#ABA,"$1,949.87"
"Lenovo Laptop ThinkPad E570 (20H5009NUS) Intel Core i5 6th Gen 6200U (2.30 GHz) 4 GB Memory 500 GB HDD Intel HD Graphics 520 15.6"" Windows 7 Professional 64-Bit (Downgrade From Windows 10 Pro)",Model #: E570 (20H5009NUS),$775.30
"Lenovo Laptop ThinkPad T480 (20L50018US) Intel Core i7 8th Gen 8650U (1.90 GHz) 16 GB Memory 512 GB SSD Intel UHD Graphics 620 14.0"" Windows 10 Pro 64-Bit",Model #: T480 (20L50018US),"$1,873.99"
"""HP EliteBook 830 G5 3PZ05UT-ABA EliteBook 830 G5""",Model #: 3PZ05UT#ABA,"$1,744.61"
